date,allGradesGasPrice,regularGasPrice,midgradeGasPrice,premiumGasPrice
01/04/2010,2.52,2.48,2.58,2.70
04/23/2018,2.72,2.61,2.89,3.18
06/29/2015,2.72,2.64,2.84,3.03
05/16/2005,2.20,2.16,2.27,2.37
07/22/2013,3.58,3.53,3.66,3.79
11/25/2002,1.47,1.43,1.52,1.64
12/04/2000,1.58,1.53,1.65,1.75
11/08/2010,2.74,2.69,2.80,2.91
05/28/2001,1.80,1.76,1.88,1.98
11/19/2018,2.76,2.65,2.93,3.22
09/15/2014,3.64,3.58,3.75,3.90
01/07/2008,2.91,2.86,2.98,3.09
01/28/2002,1.15,1.11,1.22,1.33
05/31/2010,2.70,2.66,2.77,2.88
06/28/2010,2.73,2.68,2.79,2.90
10/16/2017,2.53,2.42,2.70,2.98
07/14/2014,3.66,3.60,3.76,3.91
09/10/2007,2.94,2.90,3.02,3.12
04/28/2003,1.55,1.51,1.61,1.71
11/05/2001,1.28,1.23,1.35,1.45
12/13/2010,2.78,2.73,2.85,2.96
05/13/2013,3.70,3.65,3.78,3.90
03/02/2015,2.25,2.19,2.36,2.51
09/08/2014,3.68,3.61,3.78,3.93
05/25/2009,2.43,2.38,2.50,2.61
10/08/2012,3.76,3.71,3.83,3.94
06/19/2017,2.38,2.28,2.55,2.82
12/17/2007,2.91,2.86,2.98,3.09
05/26/2008,3.91,3.86,3.98,4.09
07/11/2016,2.31,2.21,2.46,2.72
07/02/2001,1.65,1.61,1.73,1.83
10/09/2006,2.47,2.43,2.54,2.64
09/25/2000,1.63,1.59,1.70,1.80
01/10/2005,1.77,1.73,1.84,1.94
02/22/2010,2.59,2.54,2.66,2.76
11/18/2013,3.21,3.15,3.30,3.44
01/23/2017,2.32,2.22,2.48,2.75
02/25/2019,2.23,2.12,2.39,2.69
02/05/2001,1.52,1.48,1.59,1.70
03/19/2007,2.56,2.52,2.63,2.73
09/03/2007,2.91,2.87,2.98,3.09
09/03/2018,2.93,2.82,3.09,3.38
08/14/2000,1.57,1.52,1.66,1.76
09/22/2003,1.67,1.63,1.74,1.83
10/08/2018,3.04,2.93,3.20,3.49
01/10/2011,2.91,2.87,2.98,3.09
09/07/2015,2.78,2.69,2.92,3.14
12/08/2003,1.44,1.40,1.51,1.61
02/12/2007,2.17,2.13,2.24,2.34
01/07/2002,1.11,1.07,1.18,1.29
10/05/2015,2.46,2.37,2.61,2.82
08/20/2012,3.56,3.51,3.63,3.74
10/11/2010,2.76,2.72,2.83,2.94
11/07/2016,2.23,2.12,2.39,2.65
09/23/2002,1.46,1.41,1.51,1.63
09/25/2006,2.70,2.65,2.77,2.86
03/03/2003,1.65,1.61,1.71,1.82
09/17/2012,3.76,3.72,3.83,3.94
04/03/2006,2.56,2.52,2.63,2.73
12/18/2000,1.51,1.47,1.59,1.68
04/22/2013,3.57,3.52,3.64,3.77
03/09/2015,2.29,2.23,2.40,2.55
06/18/2007,3.21,3.16,3.28,3.39
10/17/2016,2.27,2.16,2.43,2.69
05/14/2007,3.27,3.22,3.34,3.45
01/28/2019,2.13,2.02,2.30,2.59
01/03/2011,2.88,2.84,2.95,3.06
10/15/2001,1.48,1.43,1.55,1.66
02/04/2013,3.21,3.17,3.28,3.39
01/08/2018,2.50,2.39,2.66,2.95
03/11/2019,2.34,2.23,2.49,2.80
03/19/2012,3.66,3.62,3.73,3.84
03/30/2015,2.28,2.21,2.39,2.56
03/13/2017,2.27,2.16,2.45,2.71
10/06/2003,1.57,1.52,1.64,1.74
07/10/2000,1.69,1.64,1.77,1.87
07/09/2001,1.60,1.55,1.67,1.78
10/18/2004,2.00,1.96,2.06,2.16
03/25/2002,1.39,1.35,1.47,1.57
05/09/2011,3.77,3.72,3.84,3.95
08/29/2011,3.51,3.47,3.58,3.69
09/18/2000,1.64,1.60,1.72,1.81
04/09/2012,3.90,3.86,3.97,4.08
11/12/2001,1.23,1.18,1.30,1.40
07/18/2016,2.29,2.19,2.44,2.70
02/27/2012,3.19,3.15,3.26,3.37
05/09/2005,2.23,2.19,2.30,2.40
09/01/2014,3.69,3.63,3.79,3.94
12/01/2008,1.76,1.72,1.83,1.94
12/26/2011,3.12,3.07,3.19,3.30
07/03/2006,2.94,2.90,3.01,3.11
12/22/2008,1.62,1.57,1.68,1.79
01/14/2002,1.17,1.12,1.23,1.35
09/14/2015,2.71,2.62,2.86,3.07
01/13/2014,3.24,3.19,3.33,3.48
08/28/2006,3.00,2.96,3.06,3.16
07/30/2007,3.03,2.99,3.10,3.21
09/18/2017,2.61,2.50,2.77,3.05
02/04/2002,1.15,1.10,1.21,1.32
12/06/2004,1.91,1.87,1.98,2.08
11/17/2003,1.51,1.47,1.58,1.68
01/02/2006,2.21,2.17,2.27,2.38
12/02/2002,1.45,1.41,1.51,1.62
10/01/2012,3.78,3.73,3.85,3.96
08/08/2005,2.34,2.30,2.41,2.50
12/29/2003,1.50,1.45,1.57,1.67
03/25/2013,3.60,3.56,3.68,3.80
03/21/2005,2.14,2.10,2.20,2.30
02/26/2007,2.35,2.31,2.41,2.51
03/04/2019,2.29,2.17,2.44,2.74
12/03/2001,1.12,1.07,1.18,1.29
11/20/2017,2.64,2.52,2.80,3.08
09/04/2000,1.55,1.51,1.63,1.74
06/05/2017,2.44,2.33,2.60,2.87
04/25/2011,3.66,3.62,3.73,3.84
04/09/2001,1.55,1.51,1.63,1.73
06/09/2008,3.97,3.92,4.04,4.15
10/09/2000,1.60,1.56,1.67,1.78
01/16/2006,2.29,2.25,2.36,2.46
10/07/2002,1.52,1.48,1.59,1.70
02/29/2016,1.75,1.65,1.91,2.14
03/08/2004,1.72,1.68,1.79,1.89
02/04/2019,2.08,1.96,2.24,2.54
09/27/2004,1.93,1.89,2.00,2.10
07/13/2009,2.52,2.47,2.59,2.70
08/30/2010,2.77,2.73,2.84,2.96
02/12/2018,2.57,2.46,2.73,3.02
12/17/2018,2.47,2.36,2.65,2.92
03/01/2010,2.62,2.58,2.69,2.80
01/29/2018,2.56,2.45,2.73,3.01
05/07/2018,2.76,2.64,2.92,3.21
08/25/2003,1.69,1.65,1.76,1.86
02/20/2017,2.29,2.18,2.46,2.72
05/23/2005,2.16,2.12,2.23,2.33
10/31/2005,2.62,2.58,2.69,2.79
08/18/2008,3.83,3.78,3.90,4.01
06/30/2003,1.51,1.47,1.58,1.68
08/17/2015,2.94,2.86,3.08,3.29
10/22/2012,3.69,3.64,3.76,3.87
02/06/2017,2.26,2.15,2.42,2.69
12/19/2005,2.22,2.18,2.27,2.37
09/19/2005,2.93,2.88,3.00,3.09
10/21/2013,3.40,3.34,3.48,3.62
08/15/2005,2.50,2.46,2.57,2.67
11/09/2015,2.16,2.06,2.30,2.54
11/14/2005,2.42,2.37,2.48,2.58
06/26/2017,2.33,2.22,2.50,2.76
01/28/2008,2.88,2.84,2.95,3.06
03/31/2014,3.64,3.58,3.72,3.87
04/09/2018,2.60,2.49,2.76,3.06
12/11/2006,2.22,2.18,2.28,2.38
11/06/2006,2.22,2.18,2.28,2.38
05/02/2005,2.25,2.21,2.32,2.42
08/06/2012,3.51,3.46,3.58,3.69
12/16/2013,3.07,3.02,3.16,3.30
08/04/2014,3.66,3.59,3.76,3.90
03/26/2001,1.47,1.43,1.55,1.66
10/10/2016,2.27,2.16,2.43,2.69
04/01/2002,1.40,1.36,1.47,1.58
05/02/2011,3.74,3.69,3.80,3.91
07/20/2009,2.48,2.44,2.55,2.66
11/19/2012,3.45,3.40,3.52,3.63
06/21/2010,2.72,2.67,2.78,2.89
08/08/2016,2.18,2.08,2.34,2.59
05/01/2017,2.43,2.32,2.58,2.85
09/11/2017,2.64,2.53,2.80,3.08
01/14/2008,2.91,2.87,2.98,3.09
04/15/2019,2.74,2.63,2.90,3.19
01/29/2007,2.10,2.06,2.16,2.26
09/08/2008,3.72,3.68,3.79,3.90
09/04/2006,2.94,2.89,3.01,3.10
11/21/2011,3.42,3.38,3.49,3.60
03/05/2007,2.47,2.43,2.53,2.63
04/03/2017,2.29,2.18,2.46,2.72
01/15/2007,2.19,2.14,2.25,2.35
08/11/2014,3.69,3.63,3.79,3.94
04/11/2011,3.61,3.57,3.68,3.79
12/21/2015,1.97,1.88,2.13,2.36
06/06/2011,3.74,3.69,3.80,3.91
07/05/2004,1.91,1.87,1.98,2.08
01/11/2010,2.60,2.55,2.67,2.78
01/16/2012,3.06,3.01,3.13,3.24
07/20/2015,2.83,2.75,2.95,3.15
06/02/2014,3.51,3.45,3.61,3.76
12/31/2007,2.85,2.81,2.92,3.03
12/29/2014,2.21,2.15,2.33,2.47
02/25/2008,3.09,3.04,3.16,3.27
05/10/2010,2.79,2.74,2.86,2.96
08/27/2007,2.85,2.81,2.92,3.03
02/17/2014,3.40,3.34,3.49,3.63
04/23/2001,1.66,1.61,1.75,1.86
11/12/2007,3.10,3.06,3.17,3.28
02/28/2011,3.23,3.19,3.30,3.41
06/18/2012,3.74,3.69,3.81,3.92
03/28/2011,3.46,3.42,3.53,3.64
07/29/2002,1.51,1.47,1.58,1.69
01/06/2014,3.22,3.17,3.31,3.45
12/26/2005,2.19,2.15,2.26,2.36
10/26/2009,2.60,2.56,2.67,2.78
02/13/2012,3.11,3.07,3.18,3.30
10/12/2009,2.40,2.35,2.47,2.57
01/06/2003,1.50,1.46,1.57,1.68
09/21/2015,2.62,2.53,2.76,2.97
07/25/2016,2.26,2.16,2.41,2.66
02/19/2007,2.25,2.21,2.32,2.42
07/30/2018,2.84,2.73,2.99,3.29
12/24/2007,2.86,2.81,2.93,3.04
03/02/2009,1.84,1.79,1.92,2.02
02/06/2012,3.10,3.06,3.17,3.28
06/23/2014,3.63,3.56,3.72,3.87
02/10/2014,3.25,3.19,3.34,3.49
03/20/2017,2.26,2.15,2.44,2.70
04/04/2005,2.23,2.19,2.30,2.40
02/18/2008,2.96,2.92,3.03,3.14
05/05/2008,3.53,3.48,3.60,3.71
02/17/2003,1.66,1.62,1.72,1.84
02/05/2007,2.13,2.09,2.20,2.29
12/20/2010,2.78,2.74,2.85,2.96
04/19/2010,2.78,2.73,2.84,2.95
10/31/2016,2.26,2.16,2.42,2.68
07/19/2004,1.96,1.92,2.03,2.13
02/11/2013,3.39,3.35,3.46,3.57
07/17/2006,2.97,2.93,3.04,3.13
05/28/2018,2.98,2.87,3.13,3.42
05/28/2012,3.76,3.72,3.84,3.95
05/30/2005,2.13,2.09,2.20,2.30
08/07/2000,1.60,1.55,1.68,1.78
07/31/2000,1.62,1.58,1.71,1.81
03/07/2011,3.37,3.33,3.44,3.55
08/13/2012,3.54,3.50,3.61,3.72
11/28/2016,2.10,1.99,2.26,2.53
08/06/2001,1.39,1.35,1.46,1.57
02/11/2019,2.07,1.96,2.23,2.54
12/23/2013,3.09,3.04,3.18,3.32
07/09/2007,3.12,3.08,3.19,3.30
07/18/2011,3.54,3.50,3.61,3.73
09/10/2012,3.66,3.62,3.73,3.84
03/12/2001,1.47,1.43,1.55,1.65
10/22/2018,2.99,2.88,3.15,3.44
02/27/2006,2.26,2.22,2.33,2.43
04/08/2013,3.64,3.59,3.72,3.84
09/26/2005,2.91,2.87,2.97,3.07
04/29/2002,1.44,1.40,1.51,1.62
12/09/2013,3.11,3.05,3.20,3.34
05/16/2016,2.23,2.13,2.39,2.64
03/30/2009,2.02,1.98,2.09,2.20
02/23/2004,1.61,1.57,1.68,1.78
10/15/2018,3.02,2.92,3.18,3.47
06/25/2001,1.70,1.66,1.78,1.89
02/23/2009,1.87,1.83,1.94,2.04
11/20/2006,2.19,2.15,2.25,2.35
04/06/2015,2.28,2.21,2.39,2.56
12/15/2008,1.64,1.60,1.71,1.82
11/04/2013,3.29,3.24,3.38,3.52
01/24/2005,1.82,1.78,1.88,1.99
05/25/2015,2.66,2.58,2.77,2.95
01/02/2012,3.10,3.05,3.16,3.28
02/22/2016,1.64,1.54,1.80,2.03
05/10/2004,1.98,1.93,2.04,2.14
03/17/2014,3.65,3.60,3.74,3.88
04/02/2001,1.53,1.49,1.61,1.72
05/04/2009,2.11,2.06,2.17,2.28
02/12/2001,1.52,1.47,1.59,1.69
09/22/2008,3.64,3.59,3.71,3.82
02/19/2001,1.51,1.47,1.58,1.69
02/23/2015,2.22,2.15,2.32,2.47
08/18/2003,1.65,1.61,1.72,1.82
10/03/2016,2.26,2.15,2.42,2.68
08/21/2006,3.04,3.00,3.10,3.21
03/06/2017,2.29,2.18,2.46,2.73
06/06/2016,2.34,2.24,2.50,2.75
11/17/2008,2.04,2.00,2.11,2.22
07/13/2015,2.76,2.68,2.88,3.07
07/21/2014,3.66,3.59,3.76,3.90
02/13/2017,2.25,2.14,2.42,2.69
08/26/2002,1.48,1.43,1.54,1.65
10/23/2000,1.62,1.58,1.69,1.80
04/21/2008,3.46,3.41,3.53,3.64
10/25/2010,2.75,2.70,2.82,2.93
06/14/2010,2.67,2.63,2.74,2.85
04/30/2001,1.68,1.64,1.75,1.86
07/22/2002,1.50,1.45,1.58,1.68
10/10/2005,2.89,2.84,2.96,3.06
05/21/2018,2.90,2.80,3.06,3.34
01/04/2016,1.94,1.84,2.10,2.33
09/10/2018,2.94,2.83,3.08,3.38
11/26/2001,1.16,1.12,1.23,1.33
12/07/2015,1.98,1.88,2.13,2.36
10/06/2008,3.48,3.44,3.56,3.66
03/26/2012,3.75,3.70,3.82,3.93
04/20/2009,2.07,2.02,2.14,2.25
09/08/2003,1.74,1.69,1.80,1.90
04/22/2002,1.42,1.38,1.48,1.59
02/16/2009,1.91,1.86,1.97,2.08
07/28/2014,3.65,3.59,3.75,3.90
04/29/2019,2.86,2.75,3.02,3.30
09/16/2002,1.45,1.41,1.51,1.62
12/22/2003,1.50,1.46,1.57,1.67
11/03/2008,2.44,2.40,2.51,2.62
03/10/2008,3.11,3.06,3.18,3.29
01/01/2007,2.21,2.17,2.28,2.38
06/12/2017,2.42,2.31,2.58,2.85
11/11/2013,3.24,3.18,3.33,3.47
03/10/2003,1.68,1.64,1.75,1.86
05/16/2011,3.83,3.78,3.90,4.00
05/21/2007,3.36,3.31,3.43,3.55
10/14/2013,3.43,3.38,3.52,3.66
09/18/2006,2.78,2.74,2.85,2.95
11/26/2012,3.44,3.39,3.50,3.62
09/20/2010,2.79,2.75,2.86,2.97
08/17/2009,2.58,2.54,2.65,2.76
11/02/2009,2.64,2.59,2.71,2.81
07/21/2008,4.06,4.01,4.13,4.24
08/14/2006,3.07,3.03,3.14,3.23
12/14/2015,1.95,1.85,2.10,2.33
03/29/2010,2.72,2.68,2.79,2.90
03/12/2018,2.48,2.37,2.64,2.92
08/13/2001,1.38,1.34,1.45,1.56
05/08/2006,2.86,2.82,2.93,3.03
01/30/2012,3.03,2.99,3.10,3.21
08/21/2017,2.40,2.29,2.57,2.86
10/25/2004,2.02,1.98,2.07,2.17
12/24/2012,3.11,3.06,3.18,3.30
03/05/2001,1.48,1.44,1.56,1.66
10/03/2011,3.50,3.45,3.57,3.68
03/23/2015,2.28,2.20,2.38,2.56
01/31/2011,3.01,2.97,3.08,3.19
09/06/2004,1.88,1.84,1.95,2.05
01/22/2007,2.14,2.10,2.20,2.30
07/24/2006,2.99,2.95,3.06,3.15
09/17/2018,2.98,2.87,3.13,3.43
10/27/2008,2.69,2.64,2.76,2.86
10/29/2007,2.85,2.81,2.92,3.03
02/24/2014,3.51,3.45,3.60,3.75
11/05/2018,2.93,2.82,3.09,3.38
10/29/2012,3.60,3.56,3.68,3.79
12/31/2018,2.35,2.24,2.54,2.78
07/03/2000,1.70,1.66,1.78,1.88
10/07/2013,3.47,3.41,3.56,3.70
01/19/2015,1.93,1.87,2.04,2.19
06/06/2005,2.13,2.08,2.19,2.30
08/31/2015,2.86,2.77,3.00,3.21
08/10/2009,2.58,2.54,2.65,2.76
06/09/2014,3.51,3.45,3.61,3.76
04/10/2017,2.37,2.27,2.53,2.79
03/08/2010,2.68,2.64,2.75,2.86
09/11/2006,2.88,2.84,2.95,3.04
08/11/2008,3.89,3.85,3.96,4.07
03/16/2015,2.28,2.22,2.39,2.56
10/15/2012,3.75,3.70,3.82,3.93
06/27/2011,3.60,3.55,3.67,3.78
02/28/2005,1.94,1.90,2.00,2.10
04/19/2004,1.88,1.84,1.95,2.05
09/24/2012,3.79,3.74,3.86,3.97
12/31/2001,1.11,1.07,1.18,1.29
01/19/2004,1.55,1.51,1.62,1.72
11/07/2011,3.50,3.46,3.57,3.69
12/20/2004,1.84,1.80,1.91,2.01
06/16/2003,1.54,1.50,1.61,1.70
07/04/2011,3.54,3.49,3.61,3.72
09/12/2011,3.60,3.55,3.66,3.78
09/09/2002,1.46,1.42,1.52,1.63
01/16/2017,2.35,2.24,2.51,2.78
07/28/2008,4.00,3.95,4.07,4.18
12/28/2015,1.95,1.86,2.11,2.34
06/17/2002,1.39,1.35,1.46,1.56
01/12/2004,1.52,1.48,1.60,1.69
12/18/2017,2.55,2.44,2.72,3.00
09/13/2004,1.87,1.83,1.94,2.04
11/29/2010,2.71,2.67,2.78,2.89
11/28/2005,2.25,2.21,2.32,2.42
07/02/2018,2.89,2.79,3.04,3.32
08/29/2016,2.29,2.19,2.44,2.70
02/02/2015,1.94,1.87,2.04,2.20
03/06/2006,2.33,2.29,2.40,2.50
06/30/2008,4.00,3.96,4.07,4.18
09/01/2003,1.75,1.71,1.82,1.92
08/13/2018,2.84,2.73,2.99,3.29
03/28/2016,2.05,1.95,2.21,2.45
07/07/2008,4.03,3.99,4.10,4.22
12/18/2006,2.21,2.17,2.28,2.38
06/13/2005,2.14,2.09,2.20,2.31
08/03/2015,2.86,2.78,2.98,3.18
05/14/2012,3.84,3.79,3.91,4.01
05/04/2015,2.54,2.47,2.65,2.82
04/20/2015,2.41,2.34,2.52,2.70
09/29/2014,3.53,3.46,3.63,3.78
10/30/2000,1.63,1.59,1.71,1.81
01/13/2003,1.50,1.46,1.56,1.68
09/21/2009,2.48,2.43,2.55,2.65
04/21/2014,3.58,3.52,3.66,3.81
07/23/2007,3.11,3.07,3.18,3.28
10/11/2004,1.98,1.93,2.05,2.14
05/28/2007,3.36,3.31,3.43,3.55
11/29/2004,1.94,1.90,2.00,2.10
08/19/2002,1.48,1.44,1.55,1.66
02/09/2009,1.88,1.83,1.94,2.05
09/20/2004,1.88,1.84,1.95,2.06
06/27/2005,2.18,2.14,2.24,2.35
08/25/2008,3.78,3.73,3.85,3.96
05/13/2002,1.43,1.38,1.49,1.60
12/29/2008,1.58,1.54,1.65,1.76
04/24/2017,2.44,2.33,2.60,2.86
12/27/2010,2.83,2.78,2.90,3.01
09/29/2003,1.61,1.57,1.68,1.78
08/11/2003,1.62,1.58,1.69,1.79
06/25/2018,2.88,2.77,3.04,3.34
04/28/2014,3.57,3.51,3.66,3.81
01/21/2002,1.16,1.12,1.23,1.34
12/25/2000,1.48,1.44,1.56,1.65
06/04/2018,2.97,2.86,3.13,3.42
02/16/2004,1.60,1.55,1.66,1.76
02/20/2012,3.13,3.08,3.20,3.31
09/13/2010,2.80,2.76,2.87,2.98
08/10/2015,2.84,2.76,2.97,3.17
12/12/2011,3.27,3.22,3.34,3.45
07/14/2003,1.50,1.46,1.56,1.66
10/30/2017,2.56,2.44,2.72,3.00
08/06/2018,2.84,2.73,2.99,3.30
03/31/2003,1.67,1.62,1.73,1.84
01/22/2001,1.49,1.45,1.56,1.68
01/20/2014,3.25,3.19,3.33,3.48
03/14/2016,2.00,1.90,2.16,2.39
03/04/2002,1.19,1.14,1.26,1.37
03/29/2004,1.80,1.76,1.87,1.96
11/27/2000,1.58,1.54,1.66,1.76
04/04/2016,2.05,1.95,2.20,2.44
04/23/2012,3.93,3.88,4.00,4.10
07/10/2017,2.31,2.20,2.47,2.74
05/06/2002,1.44,1.40,1.50,1.61
09/14/2009,2.50,2.46,2.58,2.68
02/01/2016,1.78,1.68,1.93,2.17
12/16/2002,1.40,1.36,1.46,1.57
06/01/2015,2.67,2.59,2.78,2.96
05/27/2002,1.41,1.37,1.48,1.59
04/08/2002,1.41,1.37,1.48,1.59
09/30/2013,3.52,3.47,3.61,3.75
04/02/2007,2.66,2.62,2.72,2.82
07/14/2008,4.08,4.03,4.15,4.26
05/30/2011,3.76,3.72,3.83,3.94
10/19/2015,2.35,2.26,2.50,2.72
10/21/2002,1.52,1.47,1.59,1.69
09/29/2008,3.59,3.54,3.66,3.76
04/01/2013,3.63,3.58,3.71,3.83
07/25/2011,3.55,3.50,3.61,3.72
02/20/2006,2.23,2.18,2.29,2.39
03/21/2011,3.41,3.37,3.48,3.59
08/30/2004,1.90,1.86,1.97,2.07
11/21/2005,2.32,2.28,2.38,2.49
11/27/2017,2.63,2.51,2.79,3.08
01/28/2013,3.00,2.95,3.06,3.18
07/02/2012,3.65,3.60,3.72,3.83
04/30/2012,3.90,3.86,3.98,4.08
12/15/2003,1.43,1.39,1.50,1.60
04/28/2008,3.53,3.48,3.59,3.70
01/17/2005,1.79,1.74,1.86,1.96
05/15/2017,2.40,2.30,2.56,2.83
12/11/2000,1.54,1.50,1.62,1.72
02/02/2009,1.82,1.77,1.88,1.99
08/06/2007,2.98,2.94,3.05,3.15
01/01/2001,1.47,1.42,1.54,1.64
04/16/2007,2.84,2.80,2.91,3.02
01/23/2012,3.04,2.99,3.11,3.22
03/19/2018,2.50,2.38,2.66,2.94
10/05/2009,2.40,2.36,2.48,2.58
02/05/2018,2.58,2.47,2.74,3.03
12/17/2001,1.08,1.04,1.15,1.26
08/20/2007,2.88,2.83,2.95,3.06
09/23/2013,3.57,3.52,3.66,3.80
04/06/2009,2.04,1.99,2.11,2.22
09/01/2008,3.77,3.72,3.84,3.95
03/15/2010,2.69,2.65,2.76,2.87
04/13/2009,2.05,2.00,2.12,2.23
06/08/2015,2.68,2.61,2.80,2.97
05/21/2012,3.80,3.76,3.87,3.98
04/21/2003,1.56,1.52,1.62,1.72
12/02/2013,3.16,3.10,3.24,3.39
08/27/2018,2.88,2.78,3.03,3.33
02/16/2015,2.14,2.07,2.24,2.40
05/20/2002,1.42,1.38,1.48,1.59
02/25/2002,1.19,1.15,1.26,1.37
10/31/2011,3.53,3.48,3.60,3.71
01/05/2004,1.48,1.44,1.55,1.65
09/06/2010,2.78,2.74,2.85,2.96
01/14/2013,2.89,2.84,2.96,3.07
02/15/2010,2.55,2.50,2.62,2.73
11/19/2007,3.10,3.06,3.17,3.28
08/05/2002,1.51,1.46,1.58,1.68
02/08/2016,1.73,1.63,1.89,2.12
09/26/2011,3.54,3.49,3.61,3.72
10/04/2010,2.74,2.70,2.82,2.93
01/27/2003,1.48,1.44,1.54,1.66
03/12/2012,3.49,3.44,3.56,3.66
11/30/2015,2.01,1.91,2.16,2.40
09/17/2007,2.91,2.86,2.98,3.09
07/07/2003,1.50,1.46,1.57,1.67
06/07/2004,2.03,1.98,2.10,2.20
09/17/2001,1.66,1.62,1.74,1.84
12/13/2004,1.87,1.82,1.94,2.04
01/02/2017,2.34,2.23,2.50,2.76
12/17/2012,3.22,3.17,3.29,3.40
05/11/2009,2.24,2.20,2.31,2.42
10/29/2001,1.34,1.30,1.42,1.53
01/12/2009,1.59,1.55,1.66,1.77
02/14/2011,3.05,3.01,3.12,3.23
06/23/2003,1.53,1.49,1.60,1.70
11/21/2016,2.14,2.03,2.30,2.57
06/21/2004,1.96,1.92,2.03,2.12
06/05/2000,1.56,1.52,1.64,1.74
01/14/2019,2.18,2.07,2.35,2.64
01/15/2018,2.51,2.40,2.67,2.96
06/13/2016,2.36,2.26,2.51,2.76
12/14/2009,2.53,2.48,2.60,2.70
04/15/2013,3.60,3.55,3.68,3.80
03/19/2001,1.46,1.42,1.53,1.64
07/16/2007,3.19,3.15,3.26,3.36
07/08/2002,1.44,1.40,1.52,1.62
09/24/2018,2.98,2.87,3.14,3.44
04/17/2006,2.75,2.71,2.82,2.92
08/25/2014,3.71,3.64,3.81,3.95
01/09/2017,2.37,2.26,2.53,2.79
11/22/2004,1.95,1.90,2.02,2.12
08/02/2010,2.69,2.64,2.76,2.87
01/18/2016,1.88,1.78,2.04,2.28
10/13/2008,3.24,3.19,3.31,3.41
07/26/2010,2.69,2.65,2.76,2.87
11/17/2014,3.00,2.94,3.10,3.25
09/07/2009,2.52,2.48,2.60,2.70
08/07/2017,2.41,2.30,2.58,2.86
02/19/2018,2.54,2.43,2.70,2.99
11/18/2002,1.49,1.45,1.55,1.66
03/22/2010,2.72,2.67,2.78,2.89
02/26/2001,1.50,1.46,1.57,1.68
02/08/2010,2.57,2.53,2.64,2.75
11/16/2015,2.10,2.00,2.25,2.48
08/29/2005,2.65,2.61,2.72,2.82
04/25/2005,2.26,2.22,2.33,2.43
09/09/2013,3.62,3.56,3.70,3.84
05/20/2013,3.88,3.83,3.96,4.09
04/27/2009,2.09,2.04,2.16,2.26
10/14/2002,1.52,1.47,1.59,1.69
01/09/2006,2.32,2.28,2.39,2.49
06/28/2004,1.94,1.89,2.00,2.10
06/11/2012,3.72,3.68,3.80,3.90
08/24/2015,2.92,2.83,3.06,3.27
07/25/2005,2.30,2.25,2.36,2.46
06/04/2012,3.74,3.70,3.81,3.92
03/16/2009,1.87,1.82,1.94,2.04
04/14/2003,1.60,1.56,1.66,1.76
12/12/2005,2.19,2.15,2.26,2.36
03/31/2008,3.24,3.20,3.31,3.42
02/04/2008,2.94,2.89,3.01,3.12
05/07/2001,1.78,1.73,1.86,1.96
03/22/2004,1.74,1.70,1.81,1.91
11/16/2009,2.59,2.55,2.66,2.77
03/23/2009,1.93,1.89,2.00,2.11
01/31/2005,1.87,1.83,1.94,2.04
03/04/2013,3.62,3.58,3.70,3.82
09/15/2003,1.71,1.67,1.78,1.88
12/19/2016,2.20,2.09,2.36,2.62
06/05/2006,2.82,2.78,2.88,2.98
10/02/2006,2.59,2.55,2.66,2.76
04/12/2010,2.76,2.72,2.83,2.94
02/26/2018,2.50,2.39,2.67,2.95
10/30/2006,2.25,2.21,2.32,2.42
06/29/2009,2.58,2.53,2.64,2.75
04/22/2019,2.81,2.70,2.97,3.25
07/21/2003,1.52,1.48,1.59,1.68
10/04/2004,1.97,1.93,2.04,2.14
05/29/2017,2.45,2.34,2.61,2.87
01/30/2017,2.29,2.18,2.46,2.72
06/16/2014,3.54,3.48,3.64,3.79
02/09/2004,1.57,1.53,1.64,1.74
02/02/2004,1.58,1.53,1.64,1.74
10/12/2015,2.42,2.33,2.57,2.79
06/27/2016,2.35,2.25,2.50,2.75
06/15/2009,2.58,2.54,2.65,2.76
01/09/2012,3.08,3.03,3.15,3.26
04/24/2006,2.87,2.82,2.93,3.03
01/27/2014,3.24,3.18,3.32,3.47
05/03/2010,2.77,2.73,2.84,2.95
03/25/2019,2.53,2.42,2.69,2.98
07/07/2014,3.66,3.60,3.76,3.91
08/03/2009,2.50,2.46,2.57,2.68
02/25/2013,3.64,3.59,3.71,3.84
03/03/2008,3.10,3.05,3.17,3.28
03/05/2018,2.48,2.37,2.64,2.92
10/20/2014,3.22,3.15,3.32,3.48
12/30/2013,3.18,3.13,3.27,3.41
04/05/2004,1.81,1.77,1.88,1.97
06/16/2008,4.00,3.96,4.07,4.18
01/18/2010,2.62,2.58,2.69,2.80
01/07/2013,2.96,2.91,3.03,3.14
05/06/2013,3.61,3.56,3.68,3.80
11/14/2011,3.48,3.43,3.55,3.66
06/20/2005,2.14,2.09,2.20,2.30
07/28/2003,1.57,1.53,1.64,1.74
11/20/2000,1.59,1.55,1.67,1.77
06/03/2013,3.82,3.78,3.90,4.02
03/07/2005,2.03,1.99,2.10,2.20
07/08/2013,3.58,3.53,3.66,3.79
04/13/2015,2.31,2.24,2.43,2.60
06/18/2018,2.92,2.80,3.08,3.37
03/01/2004,1.63,1.59,1.70,1.80
02/24/2003,1.66,1.61,1.72,1.83
07/23/2012,3.57,3.52,3.64,3.75
01/08/2001,1.46,1.41,1.54,1.64
03/12/2007,2.48,2.44,2.55,2.65
05/22/2006,2.84,2.80,2.90,3.00
05/23/2011,3.80,3.75,3.86,3.97
06/22/2009,2.59,2.55,2.66,2.77
12/15/2014,2.58,2.51,2.69,2.83
11/23/2015,2.04,1.94,2.19,2.42
03/21/2016,2.03,1.93,2.19,2.43
02/14/2005,1.87,1.82,1.93,2.04
07/05/2010,2.71,2.67,2.78,2.89
11/15/2010,2.76,2.71,2.83,2.94
05/14/2018,2.83,2.72,2.99,3.26
03/14/2011,3.41,3.36,3.47,3.58
04/14/2008,3.33,3.28,3.40,3.51
11/13/2006,2.20,2.16,2.26,2.36
07/18/2005,2.32,2.27,2.38,2.48
12/26/2016,2.26,2.16,2.42,2.69
01/08/2007,2.21,2.17,2.28,2.38
02/13/2006,2.26,2.22,2.32,2.43
10/13/2014,3.33,3.26,3.44,3.58
08/14/2017,2.41,2.30,2.57,2.86
06/25/2012,3.69,3.65,3.76,3.87
05/29/2006,2.82,2.78,2.89,2.99
10/16/2000,1.59,1.55,1.67,1.77
11/13/2017,2.65,2.54,2.82,3.10
09/27/2010,2.76,2.71,2.83,2.94
05/17/2004,2.00,1.96,2.07,2.17
06/11/2007,3.26,3.22,3.34,3.45
08/22/2011,3.48,3.44,3.55,3.67
08/12/2013,3.58,3.53,3.67,3.80
06/02/2008,3.93,3.88,4.00,4.11
05/19/2008,3.74,3.69,3.81,3.92
06/20/2011,3.66,3.62,3.73,3.84
12/06/2010,2.73,2.68,2.80,2.91
08/09/2004,1.92,1.87,1.98,2.08
01/15/2001,1.48,1.43,1.56,1.66
11/02/2015,2.21,2.12,2.35,2.58
07/06/2015,2.73,2.66,2.85,3.04
02/10/2003,1.62,1.57,1.68,1.78
03/28/2005,2.21,2.17,2.28,2.37
01/01/2018,2.51,2.40,2.68,2.96
05/15/2006,2.86,2.82,2.93,3.03
09/26/2016,2.25,2.14,2.41,2.67
10/24/2005,2.74,2.70,2.81,2.91
04/09/2007,2.76,2.72,2.83,2.94
03/15/2004,1.73,1.69,1.80,1.90
11/24/2008,1.85,1.81,1.92,2.03
02/03/2014,3.22,3.17,3.31,3.45
11/22/2010,2.74,2.70,2.81,2.92
02/11/2008,2.93,2.89,3.00,3.12
12/04/2006,2.22,2.18,2.28,2.38
11/10/2003,1.53,1.49,1.60,1.70
08/07/2006,3.07,3.03,3.14,3.24
08/23/2010,2.73,2.68,2.80,2.92
06/17/2013,3.74,3.68,3.82,3.94
05/31/2004,2.04,2.00,2.11,2.21
09/11/2000,1.62,1.58,1.71,1.81
12/22/2014,2.38,2.32,2.50,2.64
05/26/2014,3.50,3.44,3.60,3.75
08/12/2002,1.50,1.45,1.57,1.67
04/26/2004,1.87,1.83,1.94,2.04
09/28/2015,2.53,2.44,2.67,2.88
06/26/2000,1.71,1.67,1.79,1.89
12/05/2011,3.33,3.28,3.40,3.51
03/26/2018,2.55,2.44,2.71,3.01
11/04/2002,1.52,1.48,1.58,1.69
09/02/2002,1.46,1.42,1.53,1.64
12/31/2012,3.03,2.99,3.11,3.22
06/10/2002,1.40,1.36,1.47,1.58
04/12/2004,1.81,1.77,1.88,1.98
04/18/2016,2.15,2.05,2.31,2.56
09/30/2002,1.47,1.43,1.53,1.64
07/01/2002,1.43,1.38,1.51,1.61
06/04/2001,1.82,1.77,1.89,2.00
03/11/2002,1.22,1.18,1.29,1.40
04/07/2014,3.61,3.55,3.70,3.85
07/02/2007,3.13,3.09,3.20,3.31
08/01/2011,3.55,3.51,3.62,3.73
05/21/2001,1.78,1.74,1.86,1.96
03/11/2013,3.61,3.56,3.68,3.81
10/22/2007,2.85,2.81,2.92,3.03
08/01/2005,2.28,2.24,2.35,2.45
04/14/2014,3.59,3.53,3.68,3.83
05/12/2014,3.52,3.46,3.62,3.77
06/25/2007,3.16,3.12,3.23,3.34
03/27/2006,2.51,2.47,2.58,2.68
08/15/2016,2.17,2.06,2.32,2.58
09/04/2017,2.66,2.56,2.82,3.10
05/18/2009,2.30,2.25,2.36,2.47
02/18/2013,3.56,3.51,3.64,3.77
01/24/2011,3.01,2.96,3.08,3.18
05/05/2014,3.55,3.49,3.64,3.79
04/23/2007,2.86,2.81,2.93,3.04
03/24/2003,1.69,1.65,1.76,1.86
11/10/2014,3.06,3.00,3.16,3.32
07/09/2012,3.61,3.57,3.68,3.79
10/01/2001,1.58,1.53,1.64,1.76
05/19/2003,1.53,1.48,1.59,1.69
01/22/2018,2.52,2.41,2.68,2.97
03/07/2016,1.88,1.78,2.04,2.27
11/12/2012,3.48,3.43,3.55,3.66
09/02/2013,3.59,3.54,3.68,3.81
11/19/2001,1.19,1.15,1.26,1.37
08/13/2007,2.91,2.87,2.98,3.09
10/24/2011,3.55,3.50,3.62,3.73
04/25/2016,2.17,2.06,2.32,2.57
04/17/2017,2.43,2.32,2.58,2.85
07/24/2000,1.65,1.60,1.73,1.83
06/13/2011,3.70,3.65,3.77,3.88
07/19/2010,2.69,2.65,2.76,2.87
12/09/2002,1.43,1.38,1.48,1.60
12/08/2014,2.72,2.66,2.83,2.98
07/04/2016,2.33,2.23,2.49,2.74
08/08/2011,3.54,3.50,3.61,3.72
10/23/2006,2.29,2.25,2.36,2.46
11/26/2018,2.72,2.61,2.90,3.18
04/02/2018,2.60,2.49,2.76,3.05
10/28/2013,3.34,3.28,3.43,3.57
10/26/2015,2.28,2.19,2.43,2.66
06/11/2001,1.78,1.74,1.87,1.96
02/07/2011,3.04,2.99,3.11,3.22
08/04/2008,3.94,3.89,4.01,4.11
03/09/2009,1.87,1.83,1.94,2.04
03/17/2008,3.17,3.13,3.24,3.35
11/07/2005,2.51,2.47,2.57,2.68
11/28/2011,3.38,3.33,3.45,3.56
05/23/2016,2.32,2.22,2.48,2.73
12/21/2009,2.50,2.45,2.56,2.68
08/27/2012,3.56,3.51,3.62,3.74
04/18/2011,3.64,3.59,3.70,3.82
11/06/2017,2.63,2.52,2.79,3.08
11/13/2000,1.60,1.56,1.67,1.78
10/16/2006,2.37,2.33,2.44,2.54
01/30/2006,2.30,2.25,2.36,2.46
07/29/2013,3.59,3.53,3.67,3.80
12/10/2007,2.96,2.91,3.03,3.14
02/01/2010,2.58,2.54,2.65,2.76
03/03/2014,3.59,3.53,3.68,3.83
12/01/2014,2.84,2.78,2.95,3.09
01/21/2008,2.89,2.84,2.96,3.07
10/03/2005,2.95,2.91,3.01,3.11
03/20/2006,2.52,2.48,2.59,2.69
06/08/2009,2.55,2.51,2.62,2.73
10/28/2002,1.52,1.48,1.58,1.69
07/12/2010,2.70,2.65,2.77,2.88
01/29/2001,1.50,1.46,1.57,1.69
03/10/2014,3.65,3.59,3.74,3.88
01/21/2019,2.16,2.04,2.32,2.61
04/07/2008,3.29,3.25,3.36,3.47
06/12/2000,1.60,1.56,1.69,1.78
06/07/2010,2.68,2.64,2.75,2.86
01/03/2005,1.80,1.75,1.86,1.97
08/09/2010,2.72,2.68,2.79,2.90
10/02/2017,2.57,2.46,2.73,3.02
11/03/2014,3.10,3.04,3.20,3.36
11/05/2007,2.99,2.95,3.06,3.17
08/15/2011,3.50,3.45,3.57,3.68
03/17/2003,1.70,1.66,1.77,1.87
09/25/2017,2.58,2.47,2.75,3.03
08/26/2013,3.56,3.50,3.64,3.77
02/15/2016,1.65,1.55,1.81,2.04
02/27/2017,2.28,2.17,2.45,2.71
11/05/2012,3.54,3.50,3.61,3.73
12/23/2002,1.41,1.37,1.46,1.58
10/15/2007,2.80,2.75,2.87,2.98
09/12/2005,3.04,3.00,3.10,3.20
06/02/2003,1.50,1.46,1.56,1.66
03/27/2017,2.28,2.17,2.45,2.71
05/24/2004,2.04,2.00,2.11,2.21
08/27/2001,1.63,1.58,1.70,1.81
12/24/2018,2.39,2.28,2.57,2.82
10/22/2001,1.40,1.36,1.47,1.58
01/23/2006,2.28,2.24,2.35,2.45
10/29/2018,2.96,2.85,3.13,3.42
04/02/2012,3.85,3.81,3.92,4.03
06/22/2015,2.72,2.64,2.84,3.03
09/03/2012,3.60,3.55,3.66,3.78
10/24/2016,2.26,2.16,2.42,2.68
07/11/2011,3.53,3.49,3.60,3.71
05/07/2012,3.87,3.82,3.94,4.05
04/29/2013,3.57,3.52,3.64,3.77
11/01/2004,2.00,1.96,2.07,2.17
07/10/2006,2.97,2.92,3.04,3.13
09/22/2014,3.59,3.52,3.69,3.84
12/19/2011,3.17,3.13,3.24,3.36
07/30/2012,3.53,3.48,3.60,3.71
02/11/2002,1.14,1.10,1.20,1.31
07/31/2006,3.02,2.98,3.09,3.18
07/12/2004,1.92,1.88,1.99,2.09
06/12/2006,2.86,2.82,2.93,3.03
12/03/2007,3.05,3.00,3.12,3.23
08/18/2014,3.71,3.65,3.81,3.96
08/05/2013,3.57,3.52,3.65,3.78
08/28/2017,2.41,2.30,2.57,2.86
06/26/2006,2.84,2.79,2.90,3.00
07/03/2017,2.30,2.19,2.46,2.73
10/27/2003,1.59,1.54,1.66,1.75
08/20/2018,2.85,2.74,3.00,3.30
05/05/2003,1.51,1.47,1.58,1.68
09/28/2009,2.44,2.40,2.52,2.62
07/17/2017,2.30,2.19,2.47,2.75
07/01/2013,3.64,3.58,3.71,3.84
09/16/2013,3.60,3.54,3.68,3.82
07/15/2002,1.44,1.39,1.50,1.61
04/30/2018,2.73,2.62,2.90,3.19
06/11/2018,2.95,2.84,3.12,3.40
05/17/2010,2.78,2.73,2.85,2.96
11/30/2009,2.56,2.51,2.63,2.74
05/22/2017,2.40,2.30,2.56,2.83
12/28/2009,2.50,2.45,2.57,2.68
02/18/2019,2.14,2.03,2.30,2.60
01/19/2009,1.67,1.63,1.74,1.85
01/26/2004,1.59,1.55,1.66,1.76
06/14/2004,2.00,1.96,2.07,2.16
03/24/2014,3.65,3.59,3.74,3.89
12/12/2016,2.14,2.04,2.31,2.58
08/28/2000,1.56,1.52,1.64,1.74
09/10/2001,1.68,1.63,1.75,1.85
06/23/2008,4.00,3.95,4.07,4.18
04/16/2001,1.58,1.54,1.65,1.76
12/05/2005,2.18,2.14,2.25,2.35
07/11/2005,2.31,2.27,2.38,2.48
10/27/2014,3.16,3.09,3.26,3.41
01/25/2010,2.60,2.56,2.67,2.78
06/09/2003,1.49,1.44,1.55,1.65
08/16/2004,1.90,1.86,1.97,2.07
04/11/2016,2.03,1.93,2.18,2.42
06/04/2007,3.32,3.27,3.40,3.51
01/21/2013,2.87,2.83,2.94,3.05
07/04/2005,2.23,2.19,2.30,2.40
12/11/2017,2.58,2.46,2.74,3.03
11/14/2016,2.19,2.08,2.35,2.61
08/19/2013,3.56,3.51,3.65,3.78
10/20/2008,2.96,2.92,3.04,3.14
11/25/2013,3.18,3.13,3.27,3.42
01/20/2003,1.50,1.45,1.56,1.67
04/27/2015,2.46,2.39,2.57,2.74
06/01/2009,2.48,2.44,2.55,2.66
11/23/2009,2.57,2.53,2.64,2.75
05/14/2001,1.79,1.75,1.86,1.97
08/04/2003,1.58,1.54,1.65,1.75
05/11/2015,2.60,2.53,2.71,2.88
07/26/2004,1.95,1.91,2.02,2.12
04/18/2005,2.29,2.24,2.36,2.46
09/19/2011,3.58,3.54,3.65,3.76
11/10/2008,2.24,2.19,2.30,2.41
11/15/2004,1.97,1.92,2.04,2.14
06/15/2015,2.72,2.64,2.83,3.01
03/14/2005,2.12,2.07,2.18,2.28
03/24/2008,3.18,3.14,3.26,3.36
08/21/2000,1.56,1.52,1.65,1.75
08/23/2004,1.91,1.87,1.98,2.08
05/27/2013,3.87,3.82,3.94,4.07
07/16/2012,3.58,3.54,3.66,3.77
11/08/2004,1.99,1.95,2.06,2.16
11/26/2007,3.08,3.04,3.15,3.26
05/01/2006,2.87,2.83,2.94,3.04
05/07/2007,3.14,3.10,3.22,3.33
04/07/2003,1.64,1.60,1.70,1.80
10/18/2010,2.76,2.72,2.83,2.94
06/24/2013,3.69,3.64,3.77,3.90
04/01/2019,2.59,2.48,2.75,3.04
09/19/2016,2.26,2.16,2.42,2.69
04/05/2010,2.75,2.71,2.82,2.92
12/03/2018,2.62,2.50,2.79,3.07
01/11/2016,1.93,1.83,2.09,2.32
04/16/2018,2.72,2.60,2.89,3.17
03/18/2013,3.61,3.56,3.68,3.81
05/08/2017,2.41,2.31,2.58,2.84
06/18/2001,1.76,1.71,1.83,1.94
02/03/2003,1.52,1.48,1.59,1.70
04/08/2019,2.65,2.53,2.81,3.10
12/24/2001,1.10,1.06,1.18,1.28
06/24/2002,1.39,1.34,1.45,1.56
03/26/2007,2.60,2.56,2.67,2.77
06/10/2013,3.80,3.75,3.87,4.00
10/17/2005,2.83,2.78,2.89,3.00
12/07/2009,2.55,2.50,2.62,2.73
04/11/2005,2.31,2.27,2.38,2.49
11/24/2003,1.50,1.46,1.57,1.67
12/08/2008,1.69,1.64,1.76,1.86
05/03/2004,1.88,1.84,1.94,2.04
07/30/2001,1.43,1.38,1.49,1.60
04/10/2006,2.66,2.61,2.72,2.82
11/01/2010,2.73,2.68,2.80,2.91
04/04/2011,3.53,3.49,3.60,3.71
07/16/2018,2.88,2.77,3.04,3.33
08/22/2005,2.64,2.60,2.71,2.81
02/21/2005,1.92,1.87,1.99,2.08
07/23/2001,1.48,1.44,1.55,1.66
10/01/2018,3.01,2.90,3.17,3.46
09/05/2011,3.57,3.52,3.64,3.74
03/05/2012,3.29,3.24,3.36,3.46
06/30/2014,3.66,3.60,3.76,3.91
10/23/2017,2.55,2.44,2.72,3.00
08/22/2016,2.21,2.11,2.37,2.62
10/19/2009,2.48,2.44,2.55,2.66
11/09/2009,2.62,2.58,2.69,2.80
10/08/2001,1.53,1.48,1.60,1.71
09/24/2007,2.88,2.84,2.95,3.06
10/10/2011,3.49,3.45,3.56,3.67
01/05/2015,2.12,2.05,2.23,2.37
01/26/2015,1.93,1.87,2.04,2.19
09/12/2016,2.29,2.18,2.44,2.71
01/07/2019,2.29,2.17,2.46,2.74
01/12/2015,1.99,1.93,2.10,2.25
10/20/2003,1.54,1.50,1.61,1.71
12/10/2001,1.10,1.06,1.16,1.27
07/16/2001,1.54,1.50,1.61,1.72
06/19/2000,1.68,1.63,1.75,1.86
08/16/2010,2.73,2.69,2.80,2.91
02/18/2002,1.14,1.10,1.19,1.31
04/15/2002,1.42,1.38,1.48,1.59
02/06/2006,2.28,2.24,2.35,2.45
11/11/2002,1.51,1.46,1.57,1.68
11/03/2003,1.57,1.52,1.63,1.73
05/19/2014,3.51,3.45,3.60,3.75
10/09/2017,2.54,2.43,2.71,3.00
12/27/2004,1.83,1.78,1.90,2.00
06/03/2002,1.41,1.37,1.48,1.58
02/07/2005,1.88,1.83,1.94,2.04
11/27/2006,2.18,2.14,2.25,2.35
04/26/2010,2.77,2.72,2.83,2.94
10/02/2000,1.61,1.57,1.68,1.79
12/01/2003,1.47,1.43,1.54,1.64
07/17/2000,1.67,1.63,1.75,1.86
12/10/2018,2.55,2.44,2.73,3.00
01/17/2011,2.97,2.93,3.04,3.15
12/05/2016,2.11,2.00,2.27,2.54
12/30/2002,1.44,1.40,1.50,1.61
10/06/2014,3.46,3.40,3.57,3.72
12/10/2012,3.30,3.26,3.37,3.48
09/15/2008,3.76,3.71,3.82,3.94
07/23/2018,2.85,2.74,3.01,3.30
07/24/2017,2.34,2.23,2.51,2.79
05/26/2003,1.52,1.48,1.58,1.68
11/12/2018,2.85,2.74,3.02,3.30
10/13/2003,1.54,1.50,1.61,1.71
12/03/2012,3.37,3.33,3.44,3.55
01/05/2009,1.54,1.49,1.61,1.72
01/25/2016,1.84,1.74,1.99,2.23
07/27/2009,2.48,2.44,2.55,2.66
09/24/2001,1.64,1.59,1.71,1.82
08/31/2009,2.56,2.51,2.63,2.73
02/09/2015,2.08,2.01,2.18,2.34
09/05/2016,2.29,2.19,2.45,2.71
12/25/2006,2.22,2.18,2.28,2.38
08/01/2016,2.22,2.12,2.37,2.63
10/01/2007,2.86,2.81,2.92,3.04
05/09/2016,2.23,2.13,2.39,2.64
11/06/2000,1.62,1.58,1.69,1.80
09/05/2005,3.08,3.04,3.15,3.24
08/20/2001,1.49,1.45,1.56,1.67
05/12/2008,3.66,3.61,3.73,3.84
06/20/2016,2.36,2.26,2.52,2.77
05/12/2003,1.50,1.46,1.56,1.66
09/03/2001,1.70,1.66,1.76,1.88
03/13/2006,2.37,2.33,2.43,2.54
03/18/2019,2.44,2.32,2.59,2.89
11/24/2014,2.92,2.85,3.02,3.17
04/16/2012,3.94,3.89,4.01,4.11
06/19/2006,2.85,2.81,2.92,3.02
07/09/2018,2.90,2.78,3.06,3.35
04/30/2007,2.98,2.94,3.05,3.16
07/31/2017,2.36,2.24,2.52,2.80
02/21/2011,3.10,3.06,3.17,3.28
10/08/2007,2.82,2.78,2.88,3.00
08/02/2004,1.93,1.89,2.00,2.10
05/24/2010,2.74,2.69,2.81,2.92
07/27/2015,2.87,2.79,3.00,3.19
05/30/2016,2.34,2.24,2.49,2.74
07/15/2013,3.58,3.53,3.66,3.79
12/04/2017,2.60,2.49,2.77,3.06
12/25/2017,2.52,2.40,2.68,2.97
01/26/2009,1.73,1.69,1.80,1.91
08/24/2009,2.57,2.53,2.64,2.75
05/02/2016,2.20,2.10,2.35,2.60
10/17/2011,3.55,3.50,3.61,3.72
03/18/2002,1.29,1.25,1.36,1.48
05/18/2015,2.64,2.56,2.74,2.92
07/06/2009,2.56,2.51,2.63,2.73
05/06/2019,2.89,2.78,3.05,3.34
05/13/2019,2.92,2.81,3.08,3.37
05/20/2019,2.93,2.82,3.09,3.37
06/03/2019,2.94,2.83,3.11,3.39
05/27/2019,2.94,2.82,3.10,3.38
06/10/2019,2.90,2.79,3.06,3.34
06/17/2019,2.86,2.74,3.02,3.31
06/24/2019,2.81,2.69,2.97,3.26
07/01/2019,2.78,2.66,2.95,3.23
07/08/2019,2.76,2.64,2.92,3.21
07/15/2019,2.75,2.64,2.91,3.20
07/22/2019,2.71,2.60,2.86,3.16
07/29/2019,2.67,2.56,2.82,3.12
08/05/2019,2.63,2.52,2.78,3.09
08/12/2019,2.62,2.51,2.77,3.07
08/19/2019,2.60,2.48,2.75,3.06
08/26/2019,2.58,2.47,2.74,3.04
09/02/2019,2.59,2.47,2.74,3.04
09/09/2019,2.62,2.50,2.77,3.07
09/23/2019,2.78,2.67,2.95,3.24
09/16/2019,2.67,2.56,2.83,3.13
02/03/2020,2.62,2.49,2.82,3.10
01/06/2020,2.77,2.64,2.95,3.23
10/14/2019,2.81,2.69,2.97,3.26
03/02/2020,2.46,2.33,2.65,2.95
10/21/2019,2.83,2.72,3.00,3.29
10/07/2019,2.80,2.68,2.98,3.26
12/09/2019,2.89,2.78,3.06,3.35
01/13/2020,2.73,2.61,2.91,3.18
02/24/2020,2.52,2.39,2.72,3.01
01/20/2020,2.69,2.57,2.87,3.15
02/10/2020,2.60,2.47,2.81,3.09
03/09/2020,2.38,2.25,2.57,2.87
02/17/2020,2.56,2.43,2.75,3.04
09/30/2019,2.80,2.69,2.98,3.26
10/28/2019,2.85,2.73,3.01,3.30
12/02/2019,2.89,2.77,3.06,3.35
11/18/2019,2.90,2.79,3.08,3.36
01/27/2020,2.65,2.53,2.82,3.11
11/11/2019,2.88,2.76,3.06,3.34
12/16/2019,2.85,2.73,3.03,3.31
03/16/2020,2.27,2.14,2.47,2.76
03/23/2020,2.16,2.03,2.36,2.64
12/23/2019,2.81,2.69,2.99,3.27
12/30/2019,2.78,2.66,2.96,3.24
11/04/2019,2.90,2.78,3.07,3.35
11/25/2019,2.88,2.76,3.05,3.34
03/30/2020,2.07,1.94,2.28,2.54
04/06/2020,1.98,1.85,2.20,2.46
04/13/2020,1.92,1.79,2.13,2.39
04/20/2020,1.85,1.72,2.07,2.34
04/27/2020,1.81,1.68,2.02,2.29
05/04/2020,1.78,1.65,1.99,2.27
05/11/2020,1.77,1.64,1.97,2.26
05/18/2020,1.83,1.70,2.02,2.32
06/01/2020,2.20,2.07,2.39,2.68
05/25/2020,2.05,1.93,2.24,2.54
06/08/2020,2.32,2.20,2.53,2.81
06/15/2020,2.41,2.29,2.60,2.90
06/22/2020,2.48,2.36,2.68,2.98
06/29/2020,2.56,2.44,2.76,3.05
07/06/2020,2.57,2.45,2.77,3.06
07/13/2020,2.58,2.45,2.78,3.06
07/20/2020,2.56,2.43,2.76,3.05
07/27/2020,2.54,2.41,2.73,3.03
08/03/2020,2.52,2.40,2.73,3.02
08/10/2020,2.50,2.37,2.71,2.99
08/17/2020,2.49,2.36,2.70,2.98
08/24/2020,2.48,2.35,2.69,2.97
08/31/2020,2.47,2.34,2.68,2.96
09/07/2020,2.44,2.31,2.64,2.93
09/14/2020,2.41,2.28,2.62,2.90
09/21/2020,2.40,2.27,2.60,2.88
09/28/2020,2.38,2.25,2.59,2.86
10/05/2020,2.34,2.22,2.54,2.83
10/19/2020,2.32,2.19,2.53,2.81
10/12/2020,2.33,2.20,2.54,2.82
10/26/2020,2.30,2.17,2.51,2.78
11/02/2020,2.27,2.14,2.47,2.76
11/09/2020,2.25,2.12,2.46,2.74
11/16/2020,2.24,2.11,2.44,2.73
11/23/2020,2.21,2.08,2.40,2.70
11/30/2020,2.23,2.10,2.43,2.72
12/07/2020,2.25,2.12,2.44,2.73
12/14/2020,2.25,2.12,2.45,2.74
12/21/2020,2.32,2.19,2.52,2.80
12/28/2020,2.33,2.20,2.54,2.82
01/04/2021,2.33,2.20,2.53,2.82
01/11/2021,2.38,2.25,2.58,2.87
01/18/2021,2.42,2.29,2.63,2.91
01/25/2021,2.43,2.30,2.63,2.92
02/01/2021,2.43,2.30,2.64,2.92
02/08/2021,2.49,2.36,2.70,2.98
02/15/2021,2.57,2.44,2.78,3.07
02/22/2021,2.61,2.48,2.82,3.11
03/01/2021,2.76,2.63,2.96,3.26
03/08/2021,2.85,2.72,3.05,3.34
03/15/2021,2.93,2.80,3.13,3.42
03/22/2021,3.03,2.90,3.24,3.52
03/29/2021,3.01,2.88,3.22,3.50
04/05/2021,3.02,2.88,3.23,3.51
04/12/2021,3.02,2.89,3.23,3.51
04/19/2021,3.05,2.92,3.27,3.55
04/26/2021,3.06,2.93,3.27,3.55
05/03/2021,3.06,2.93,3.27,3.56
05/10/2021,3.12,2.99,3.33,3.61
05/17/2021,3.18,3.05,3.39,3.66
05/24/2021,3.21,3.08,3.42,3.70
05/31/2021,3.22,3.09,3.43,3.71
06/07/2021,3.27,3.14,3.48,3.76
06/14/2021,3.31,3.18,3.52,3.80
06/21/2021,3.41,3.28,3.63,3.91
06/28/2021,3.47,3.34,3.67,3.96
07/05/2021,3.57,3.44,3.77,4.06
07/12/2021,3.58,3.45,3.79,4.07
07/19/2021,3.61,3.48,3.82,4.10
07/26/2021,3.63,3.50,3.83,4.12
08/02/2021,3.65,3.52,3.85,4.16
08/09/2021,3.76,3.62,3.98,4.26
08/16/2021,3.76,3.62,3.98,4.26
08/23/2021,3.74,3.61,3.97,4.25
08/30/2021,3.73,3.59,3.95,4.24
09/13/2021,3.71,3.57,3.94,4.21
09/06/2021,3.72,3.58,3.94,4.22
09/20/2021,3.67,3.53,3.90,4.18
09/27/2021,3.66,3.52,3.89,4.15
10/04/2021,3.65,3.51,3.90,4.16
10/18/2021,3.64,3.50,3.87,4.14
10/11/2021,3.64,3.51,3.88,4.15
10/25/2021,3.64,3.50,3.86,4.14
11/01/2021,3.63,3.50,3.86,4.14
11/08/2021,3.62,3.49,3.84,4.13
11/15/2021,3.62,3.48,3.83,4.12
11/22/2021,3.59,3.45,3.81,4.09
11/29/2021,3.55,3.41,3.77,4.06
12/06/2021,3.51,3.37,3.73,4.01
12/13/2021,3.45,3.31,3.68,3.95
12/20/2021,3.42,3.29,3.65,3.92
12/27/2021,3.40,3.26,3.63,3.90
01/03/2022,3.39,3.25,3.62,3.88
01/10/2022,3.38,3.25,3.61,3.88
01/24/2022,3.37,3.23,3.59,3.88
01/17/2022,3.37,3.23,3.59,3.87
01/31/2022,3.38,3.25,3.59,3.89
02/07/2022,3.41,3.27,3.62,3.92
02/14/2022,3.42,3.28,3.62,3.92
02/28/2022,3.44,3.31,3.63,3.95
02/21/2022,3.42,3.29,3.63,3.93
03/07/2022,3.88,3.75,4.08,4.38
03/14/2022,4.07,3.93,4.29,4.58
03/21/2022,4.05,3.92,4.26,4.55
03/28/2022,4.06,3.93,4.26,4.56
04/04/2022,4.04,3.90,4.24,4.54
04/11/2022,4.01,3.88,4.22,4.51
04/18/2022,4.02,3.90,4.22,4.52
04/25/2022,4.08,3.95,4.28,4.59
05/02/2022,4.10,3.97,4.30,4.60
05/09/2022,4.11,3.98,4.31,4.62
05/16/2022,4.20,4.07,4.41,4.71
05/23/2022,4.22,4.09,4.42,4.72
05/30/2022,4.33,4.20,4.53,4.84
06/06/2022,4.72,4.59,4.92,5.22
06/13/2022,4.98,4.85,5.19,5.49
06/27/2022,5.00,4.87,5.21,5.50
06/20/2022,5.00,4.87,5.22,5.51
07/04/2022,5.00,4.86,5.21,5.51
07/11/2022,4.96,4.82,5.18,5.47
07/18/2022,4.87,4.74,5.10,5.38
07/25/2022,4.68,4.54,4.90,5.20
08/01/2022,4.45,4.32,4.68,4.96
08/08/2022,4.22,4.08,4.44,4.74
08/15/2022,4.03,3.89,4.26,4.57
08/22/2022,3.95,3.81,4.18,4.49
08/29/2022,3.79,3.65,3.99,4.34
09/05/2022,3.72,3.58,3.93,4.27
09/12/2022,3.65,3.51,3.86,4.20
09/19/2022,3.68,3.54,3.88,4.22
09/26/2022,3.78,3.64,4.00,4.33
10/03/2022,3.70,3.56,3.92,4.25
10/10/2022,3.78,3.64,4.00,4.32
10/17/2022,3.73,3.59,3.95,4.26
10/24/2022,3.63,3.49,3.85,4.16
10/31/2022,3.56,3.42,3.78,4.10
11/07/2022,3.55,3.41,3.76,4.08
11/14/2022,3.49,3.36,3.71,4.03
11/21/2022,3.39,3.25,3.61,3.92
11/28/2022,3.29,3.15,3.52,3.83
12/05/2022,3.18,3.04,3.42,3.74
12/12/2022,3.04,2.89,3.29,3.60
12/19/2022,2.91,2.76,3.15,3.48
12/26/2022,2.87,2.72,3.11,3.43
01/09/2023,3.20,3.07,3.44,3.72
01/02/2023,2.98,2.84,3.19,3.51
01/23/2023,3.78,3.64,4.03,4.32
01/16/2023,3.50,3.36,3.74,4.04
01/30/2023,3.94,3.79,4.16,4.47
02/06/2023,4.04,3.90,4.28,4.56
02/13/2023,4.10,3.96,4.33,4.62
02/20/2023,4.25,4.10,4.49,4.77
03/06/2023,4.09,3.95,4.32,4.64
02/27/2023,4.20,4.05,4.45,4.73
03/13/2023,3.99,3.84,4.23,4.53
03/20/2023,3.85,3.71,4.08,4.37
03/27/2023,3.65,3.51,3.88,4.19
04/03/2023,3.52,3.38,3.74,4.06
04/10/2023,3.48,3.34,3.70,4.02
04/17/2023,3.66,3.52,3.89,4.20
